"Gene1","Gene2","Gene1_Gene2","dir"
"LAMB3","DAG1","LAMB3_DAG1","LR"
"LAMB2","DAG1","LAMB2_DAG1","LR"
"LAMC3","DAG1","LAMC3_DAG1","LR"
"AGRN","DAG1","AGRN_DAG1","LR"
"LAMA1","DAG1","LAMA1_DAG1","LR"
"LAMA5","DAG1","LAMA5_DAG1","LR"
"HSPG2","DAG1","HSPG2_DAG1","LR"
"LAMC1","DAG1","LAMC1_DAG1","LR"
"LAMB4","DAG1","LAMB4_DAG1","LR"
"LAMA2","DAG1","LAMA2_DAG1","LR"
"LAMA3","DAG1","LAMA3_DAG1","LR"
"LAMA4","DAG1","LAMA4_DAG1","LR"
"LAMB1","DAG1","LAMB1_DAG1","LR"
"LAMC2","DAG1","LAMC2_DAG1","LR"
"COL4A1","ITGA11","COL4A1_ITGA11","LR"
"COL6A5","ITGA11","COL6A5_ITGA11","LR"
"COL4A6","ITGA11","COL4A6_ITGA11","LR"
"COL6A1","ITGA11","COL6A1_ITGA11","LR"
"COL6A3","ITGA11","COL6A3_ITGA11","LR"
"COL1A1","ITGA11","COL1A1_ITGA11","LR"
"COL2A1","ITGA11","COL2A1_ITGA11","LR"
"COL4A2","ITGA11","COL4A2_ITGA11","LR"
"COL4A4","ITGA11","COL4A4_ITGA11","LR"
"COL4A5","ITGA11","COL4A5_ITGA11","LR"
"COL6A2","ITGA11","COL6A2_ITGA11","LR"
"COL9A1","ITGA11","COL9A1_ITGA11","LR"
"COL9A3","ITGA11","COL9A3_ITGA11","LR"
"COL1A2","ITGA11","COL1A2_ITGA11","LR"
"COL4A3","ITGA11","COL4A3_ITGA11","LR"
"COL9A2","ITGA11","COL9A2_ITGA11","LR"
"COL6A6","ITGA11","COL6A6_ITGA11","LR"
"LAMA4","SV2C","LAMA4_SV2C","LR"
"LAMB3","SV2C","LAMB3_SV2C","LR"
"LAMA3","SV2C","LAMA3_SV2C","LR"
"LAMB4","SV2C","LAMB4_SV2C","LR"
"LAMA2","SV2C","LAMA2_SV2C","LR"
"LAMB2","SV2C","LAMB2_SV2C","LR"
"LAMC1","SV2C","LAMC1_SV2C","LR"
"LAMC3","SV2C","LAMC3_SV2C","LR"
"LAMC2","SV2C","LAMC2_SV2C","LR"
"LAMA5","SV2C","LAMA5_SV2C","LR"
"LAMB1","SV2C","LAMB1_SV2C","LR"
"LAMA1","SV2C","LAMA1_SV2C","LR"
"VWF","GP1BA","VWF_GP1BA","LR"
"VWF","GP1BB","VWF_GP1BB","LR"
"VWF","GP5","VWF_GP5","LR"
"VWF","GP9","VWF_GP9","LR"
"LAMC1","ITGA6","LAMC1_ITGA6","LR"
"LAMA2","ITGA6","LAMA2_ITGA6","LR"
"LAMC2","ITGA6","LAMC2_ITGA6","LR"
"LAMA5","ITGA6","LAMA5_ITGA6","LR"
"LAMB3","ITGA6","LAMB3_ITGA6","LR"
"LAMB2","ITGA6","LAMB2_ITGA6","LR"
"LAMB4","ITGA6","LAMB4_ITGA6","LR"
"LAMB1","ITGA6","LAMB1_ITGA6","LR"
"LAMA1","ITGA6","LAMA1_ITGA6","LR"
"LAMC3","ITGA6","LAMC3_ITGA6","LR"
"LAMA3","ITGA6","LAMA3_ITGA6","LR"
"LAMA4","ITGA6","LAMA4_ITGA6","LR"
"COL6A6","ITGA1","COL6A6_ITGA1","LR"
"LAMC1","ITGA1","LAMC1_ITGA1","LR"
"COL6A5","ITGA1","COL6A5_ITGA1","LR"
"COL1A1","ITGA1","COL1A1_ITGA1","LR"
"LAMA2","ITGA1","LAMA2_ITGA1","LR"
"LAMA1","ITGA1","LAMA1_ITGA1","LR"
"COL4A2","ITGA1","COL4A2_ITGA1","LR"
"LAMA3","ITGA1","LAMA3_ITGA1","LR"
"COL2A1","ITGA1","COL2A1_ITGA1","LR"
"COL4A3","ITGA1","COL4A3_ITGA1","LR"
"LAMB3","ITGA1","LAMB3_ITGA1","LR"
"COL1A2","ITGA1","COL1A2_ITGA1","LR"
"LAMC2","ITGA1","LAMC2_ITGA1","LR"
"LAMB1","ITGA1","LAMB1_ITGA1","LR"
"COL4A1","ITGA1","COL4A1_ITGA1","LR"
"COL4A4","ITGA1","COL4A4_ITGA1","LR"
"LAMA4","ITGA1","LAMA4_ITGA1","LR"
"COL6A1","ITGA1","COL6A1_ITGA1","LR"
"COL6A2","ITGA1","COL6A2_ITGA1","LR"
"LAMB4","ITGA1","LAMB4_ITGA1","LR"
"COL4A5","ITGA1","COL4A5_ITGA1","LR"
"LAMC3","ITGA1","LAMC3_ITGA1","LR"
"COL4A6","ITGA1","COL4A6_ITGA1","LR"
"COL6A3","ITGA1","COL6A3_ITGA1","LR"
"LAMA5","ITGA1","LAMA5_ITGA1","LR"
"COL9A1","ITGA1","COL9A1_ITGA1","LR"
"LAMB2","ITGA1","LAMB2_ITGA1","LR"
"COL9A2","ITGA1","COL9A2_ITGA1","LR"
"COL9A3","ITGA1","COL9A3_ITGA1","LR"
"COL6A6","ITGA2","COL6A6_ITGA2","LR"
"COL4A2","ITGA2","COL4A2_ITGA2","LR"
"COL6A5","ITGA2","COL6A5_ITGA2","LR"
"LAMC2","ITGA2","LAMC2_ITGA2","LR"
"LAMA3","ITGA2","LAMA3_ITGA2","LR"
"COL1A2","ITGA2","COL1A2_ITGA2","LR"
"LAMA2","ITGA2","LAMA2_ITGA2","LR"
"COL4A1","ITGA2","COL4A1_ITGA2","LR"
"COL4A3","ITGA2","COL4A3_ITGA2","LR"
"LAMC1","ITGA2","LAMC1_ITGA2","LR"
"CHAD","ITGA2","CHAD_ITGA2","LR"
"LAMA1","ITGA2","LAMA1_ITGA2","LR"
"COL1A1","ITGA2","COL1A1_ITGA2","LR"
"LAMB3","ITGA2","LAMB3_ITGA2","LR"
"COL4A5","ITGA2","COL4A5_ITGA2","LR"
"LAMA4","ITGA2","LAMA4_ITGA2","LR"
"COL4A6","ITGA2","COL4A6_ITGA2","LR"
"LAMB2","ITGA2","LAMB2_ITGA2","LR"
"COL2A1","ITGA2","COL2A1_ITGA2","LR"
"COL6A3","ITGA2","COL6A3_ITGA2","LR"
"COL6A1","ITGA2","COL6A1_ITGA2","LR"
"LAMA5","ITGA2","LAMA5_ITGA2","LR"
"COL4A4","ITGA2","COL4A4_ITGA2","LR"
"LAMB4","ITGA2","LAMB4_ITGA2","LR"
"LAMB1","ITGA2","LAMB1_ITGA2","LR"
"COL9A3","ITGA2","COL9A3_ITGA2","LR"
"COL9A1","ITGA2","COL9A1_ITGA2","LR"
"COL9A2","ITGA2","COL9A2_ITGA2","LR"
"LAMC3","ITGA2","LAMC3_ITGA2","LR"
"COL6A2","ITGA2","COL6A2_ITGA2","LR"
"VWF","ITGA2B","VWF_ITGA2B","LR"
"THBS2","ITGA2B","THBS2_ITGA2B","LR"
"THBS3","ITGA2B","THBS3_ITGA2B","LR"
"THBS1","ITGA2B","THBS1_ITGA2B","LR"
"THBS4","ITGA2B","THBS4_ITGA2B","LR"
"VTN","ITGA2B","VTN_ITGA2B","LR"
"COMP","ITGA2B","COMP_ITGA2B","LR"
"FN1","ITGA2B","FN1_ITGA2B","LR"
"COL1A2","ITGA3","COL1A2_ITGA3","LR"
"COL6A6","ITGA3","COL6A6_ITGA3","LR"
"LAMA2","ITGA3","LAMA2_ITGA3","LR"
"LAMC2","ITGA3","LAMC2_ITGA3","LR"
"LAMC1","ITGA3","LAMC1_ITGA3","LR"
"COL4A2","ITGA3","COL4A2_ITGA3","LR"
"THBS2","ITGA3","THBS2_ITGA3","LR"
"COMP","ITGA3","COMP_ITGA3","LR"
"COL6A5","ITGA3","COL6A5_ITGA3","LR"
"COL4A3","ITGA3","COL4A3_ITGA3","LR"
"COL4A1","ITGA3","COL4A1_ITGA3","LR"
"THBS3","ITGA3","THBS3_ITGA3","LR"
"COL4A5","ITGA3","COL4A5_ITGA3","LR"
"LAMB3","ITGA3","LAMB3_ITGA3","LR"
"LAMB2","ITGA3","LAMB2_ITGA3","LR"
"COL2A1","ITGA3","COL2A1_ITGA3","LR"
"COL6A1","ITGA3","COL6A1_ITGA3","LR"
"LAMA4","ITGA3","LAMA4_ITGA3","LR"
"COL1A1","ITGA3","COL1A1_ITGA3","LR"
"LAMA1","ITGA3","LAMA1_ITGA3","LR"
"COL4A6","ITGA3","COL4A6_ITGA3","LR"
"COL6A3","ITGA3","COL6A3_ITGA3","LR"
"THBS4","ITGA3","THBS4_ITGA3","LR"
"RELN","ITGA3","RELN_ITGA3","LR"
"LAMA3","ITGA3","LAMA3_ITGA3","LR"
"THBS1","ITGA3","THBS1_ITGA3","LR"
"LAMC3","ITGA3","LAMC3_ITGA3","LR"
"LAMB1","ITGA3","LAMB1_ITGA3","LR"
"COL4A4","ITGA3","COL4A4_ITGA3","LR"
"LAMB4","ITGA3","LAMB4_ITGA3","LR"
"LAMA5","ITGA3","LAMA5_ITGA3","LR"
"COL9A2","ITGA3","COL9A2_ITGA3","LR"
"COL6A2","ITGA3","COL6A2_ITGA3","LR"
"COL9A1","ITGA3","COL9A1_ITGA3","LR"
"FN1","ITGA3","FN1_ITGA3","LR"
"COL9A3","ITGA3","COL9A3_ITGA3","LR"
"SPP1","ITGA4","SPP1_ITGA4","LR"
"FN1","ITGA4","FN1_ITGA4","LR"
"FN1","ITGA5","FN1_ITGA5","LR"
"LAMC1","ITGA7","LAMC1_ITGA7","LR"
"LAMA1","ITGA7","LAMA1_ITGA7","LR"
"LAMB2","ITGA7","LAMB2_ITGA7","LR"
"LAMB1","ITGA7","LAMB1_ITGA7","LR"
"LAMC2","ITGA7","LAMC2_ITGA7","LR"
"LAMA5","ITGA7","LAMA5_ITGA7","LR"
"LAMB4","ITGA7","LAMB4_ITGA7","LR"
"LAMB3","ITGA7","LAMB3_ITGA7","LR"
"LAMC3","ITGA7","LAMC3_ITGA7","LR"
"LAMA2","ITGA7","LAMA2_ITGA7","LR"
"LAMA4","ITGA7","LAMA4_ITGA7","LR"
"LAMA3","ITGA7","LAMA3_ITGA7","LR"
"LAMB2","ITGA9","LAMB2_ITGA9","LR"
"TNC","ITGA9","TNC_ITGA9","LR"
"COL2A1","ITGA9","COL2A1_ITGA9","LR"
"LAMB3","ITGA9","LAMB3_ITGA9","LR"
"COL6A5","ITGA9","COL6A5_ITGA9","LR"
"COL4A2","ITGA9","COL4A2_ITGA9","LR"
"COL4A6","ITGA9","COL4A6_ITGA9","LR"
"COL6A3","ITGA9","COL6A3_ITGA9","LR"
"COL1A2","ITGA9","COL1A2_ITGA9","LR"
"LAMB4","ITGA9","LAMB4_ITGA9","LR"
"COL4A1","ITGA9","COL4A1_ITGA9","LR"
"LAMA3","ITGA9","LAMA3_ITGA9","LR"
"LAMC1","ITGA9","LAMC1_ITGA9","LR"
"LAMC3","ITGA9","LAMC3_ITGA9","LR"
"LAMC2","ITGA9","LAMC2_ITGA9","LR"
"COL4A4","ITGA9","COL4A4_ITGA9","LR"
"COL1A1","ITGA9","COL1A1_ITGA9","LR"
"LAMA1","ITGA9","LAMA1_ITGA9","LR"
"TNR","ITGA9","TNR_ITGA9","LR"
"LAMA5","ITGA9","LAMA5_ITGA9","LR"
"COL6A6","ITGA9","COL6A6_ITGA9","LR"
"COL4A3","ITGA9","COL4A3_ITGA9","LR"
"TNN","ITGA9","TNN_ITGA9","LR"
"LAMA2","ITGA9","LAMA2_ITGA9","LR"
"COL6A2","ITGA9","COL6A2_ITGA9","LR"
"LAMB1","ITGA9","LAMB1_ITGA9","LR"
"COL6A1","ITGA9","COL6A1_ITGA9","LR"
"SPP1","ITGA9","SPP1_ITGA9","LR"
"COL4A5","ITGA9","COL4A5_ITGA9","LR"
"LAMA4","ITGA9","LAMA4_ITGA9","LR"
"TNXB","ITGA9","TNXB_ITGA9","LR"
"COL9A3","ITGA9","COL9A3_ITGA9","LR"
"COL9A2","ITGA9","COL9A2_ITGA9","LR"
"COL9A1","ITGA9","COL9A1_ITGA9","LR"
"IBSP","ITGAV","IBSP_ITGAV","LR"
"LAMB3","ITGAV","LAMB3_ITGAV","LR"
"LAMA1","ITGAV","LAMA1_ITGAV","LR"
"COMP","ITGAV","COMP_ITGAV","LR"
"COL1A2","ITGAV","COL1A2_ITGAV","LR"
"COL6A2","ITGAV","COL6A2_ITGAV","LR"
"COL1A1","ITGAV","COL1A1_ITGAV","LR"
"LAMC1","ITGAV","LAMC1_ITGAV","LR"
"COL2A1","ITGAV","COL2A1_ITGAV","LR"
"COL4A1","ITGAV","COL4A1_ITGAV","LR"
"TNR","ITGAV","TNR_ITGAV","LR"
"LAMB1","ITGAV","LAMB1_ITGAV","LR"
"COL4A2","ITGAV","COL4A2_ITGAV","LR"
"THBS2","ITGAV","THBS2_ITGAV","LR"
"COL4A6","ITGAV","COL4A6_ITGAV","LR"
"COL4A3","ITGAV","COL4A3_ITGAV","LR"
"COL6A6","ITGAV","COL6A6_ITGAV","LR"
"SPP1","ITGAV","SPP1_ITGAV","LR"
"TNN","ITGAV","TNN_ITGAV","LR"
"COL9A3","ITGAV","COL9A3_ITGAV","LR"
"LAMC3","ITGAV","LAMC3_ITGAV","LR"
"TNC","ITGAV","TNC_ITGAV","LR"
"COL6A3","ITGAV","COL6A3_ITGAV","LR"
"DSPP","ITGAV","DSPP_ITGAV","LR"
"COL4A4","ITGAV","COL4A4_ITGAV","LR"
"COL4A5","ITGAV","COL4A5_ITGAV","LR"
"VTN","ITGAV","VTN_ITGAV","LR"
"LAMA3","ITGAV","LAMA3_ITGAV","LR"
"THBS4","ITGAV","THBS4_ITGAV","LR"
"THBS1","ITGAV","THBS1_ITGAV","LR"
"TNXB","ITGAV","TNXB_ITGAV","LR"
"LAMB2","ITGAV","LAMB2_ITGAV","LR"
"FN1","ITGAV","FN1_ITGAV","LR"
"MEPE","ITGAV","MEPE_ITGAV","LR"
"LAMB4","ITGAV","LAMB4_ITGAV","LR"
"VWF","ITGAV","VWF_ITGAV","LR"
"COL9A1","ITGAV","COL9A1_ITGAV","LR"
"COL9A2","ITGAV","COL9A2_ITGAV","LR"
"LAMC2","ITGAV","LAMC2_ITGAV","LR"
"COL6A1","ITGAV","COL6A1_ITGAV","LR"
"THBS3","ITGAV","THBS3_ITGAV","LR"
"LAMA2","ITGAV","LAMA2_ITGAV","LR"
"DMP1","ITGAV","DMP1_ITGAV","LR"
"COL6A5","ITGAV","COL6A5_ITGAV","LR"
"LAMA4","ITGAV","LAMA4_ITGAV","LR"
"LAMA5","ITGAV","LAMA5_ITGAV","LR"
"TNC","ITGB1","TNC_ITGB1","LR"
"COL1A1","ITGB1","COL1A1_ITGB1","LR"
"COL2A1","ITGB1","COL2A1_ITGB1","LR"
"FRAS1","ITGB1","FRAS1_ITGB1","LR"
"LAMA2","ITGB1","LAMA2_ITGB1","LR"
"TNR","ITGB1","TNR_ITGB1","LR"
"THBS3","ITGB1","THBS3_ITGB1","LR"
"LAMA1","ITGB1","LAMA1_ITGB1","LR"
"VTN","ITGB1","VTN_ITGB1","LR"
"LAMA4","ITGB1","LAMA4_ITGB1","LR"
"COL6A5","ITGB1","COL6A5_ITGB1","LR"
"COL6A2","ITGB1","COL6A2_ITGB1","LR"
"RELN","ITGB1","RELN_ITGB1","LR"
"COL4A1","ITGB1","COL4A1_ITGB1","LR"
"DSPP","ITGB1","DSPP_ITGB1","LR"
"COL4A2","ITGB1","COL4A2_ITGB1","LR"
"LAMC1","ITGB1","LAMC1_ITGB1","LR"
"LAMA3","ITGB1","LAMA3_ITGB1","LR"
"FN1","ITGB1","FN1_ITGB1","LR"
"COL4A4","ITGB1","COL4A4_ITGB1","LR"
"COL4A3","ITGB1","COL4A3_ITGB1","LR"
"LAMB3","ITGB1","LAMB3_ITGB1","LR"
"COL1A2","ITGB1","COL1A2_ITGB1","LR"
"SPP1","ITGB1","SPP1_ITGB1","LR"
"TNN","ITGB1","TNN_ITGB1","LR"
"LAMC2","ITGB1","LAMC2_ITGB1","LR"
"COL6A6","ITGB1","COL6A6_ITGB1","LR"
"LAMB2","ITGB1","LAMB2_ITGB1","LR"
"COL6A1","ITGB1","COL6A1_ITGB1","LR"
"CHAD","ITGB1","CHAD_ITGB1","LR"
"THBS1","ITGB1","THBS1_ITGB1","LR"
"COMP","ITGB1","COMP_ITGB1","LR"
"FREM1","ITGB1","FREM1_ITGB1","LR"
"COL4A5","ITGB1","COL4A5_ITGB1","LR"
"COL6A3","ITGB1","COL6A3_ITGB1","LR"
"TNXB","ITGB1","TNXB_ITGB1","LR"
"LAMC3","ITGB1","LAMC3_ITGB1","LR"
"FREM2","ITGB1","FREM2_ITGB1","LR"
"THBS2","ITGB1","THBS2_ITGB1","LR"
"THBS4","ITGB1","THBS4_ITGB1","LR"
"LAMA5","ITGB1","LAMA5_ITGB1","LR"
"LAMB1","ITGB1","LAMB1_ITGB1","LR"
"COL4A6","ITGB1","COL4A6_ITGB1","LR"
"COL9A1","ITGB1","COL9A1_ITGB1","LR"
"COL9A2","ITGB1","COL9A2_ITGB1","LR"
"COL9A3","ITGB1","COL9A3_ITGB1","LR"
"LAMB4","ITGB1","LAMB4_ITGB1","LR"
"NPNT","ITGB1","NPNT_ITGB1","LR"
"TNR","ITGB3","TNR_ITGB3","LR"
"MEPE","ITGB3","MEPE_ITGB3","LR"
"THBS3","ITGB3","THBS3_ITGB3","LR"
"IBSP","ITGB3","IBSP_ITGB3","LR"
"TNC","ITGB3","TNC_ITGB3","LR"
"VWF","ITGB3","VWF_ITGB3","LR"
"SPP1","ITGB3","SPP1_ITGB3","LR"
"THBS1","ITGB3","THBS1_ITGB3","LR"
"THBS2","ITGB3","THBS2_ITGB3","LR"
"VTN","ITGB3","VTN_ITGB3","LR"
"THBS4","ITGB3","THBS4_ITGB3","LR"
"DMP1","ITGB3","DMP1_ITGB3","LR"
"TNXB","ITGB3","TNXB_ITGB3","LR"
"COMP","ITGB3","COMP_ITGB3","LR"
"TNN","ITGB3","TNN_ITGB3","LR"
"FN1","ITGB3","FN1_ITGB3","LR"
"LAMC3","ITGB4","LAMC3_ITGB4","LR"
"LAMB2","ITGB4","LAMB2_ITGB4","LR"
"LAMC1","ITGB4","LAMC1_ITGB4","LR"
"LAMA2","ITGB4","LAMA2_ITGB4","LR"
"LAMB4","ITGB4","LAMB4_ITGB4","LR"
"LAMA4","ITGB4","LAMA4_ITGB4","LR"
"LAMB3","ITGB4","LAMB3_ITGB4","LR"
"LAMB1","ITGB4","LAMB1_ITGB4","LR"
"LAMA1","ITGB4","LAMA1_ITGB4","LR"
"LAMC2","ITGB4","LAMC2_ITGB4","LR"
"LAMA3","ITGB4","LAMA3_ITGB4","LR"
"LAMA5","ITGB4","LAMA5_ITGB4","LR"
"IBSP","ITGB5","IBSP_ITGB5","LR"
"SPP1","ITGB5","SPP1_ITGB5","LR"
"VTN","ITGB5","VTN_ITGB5","LR"
"DSPP","ITGB6","DSPP_ITGB6","LR"
"TNR","ITGB6","TNR_ITGB6","LR"
"FN1","ITGB6","FN1_ITGB6","LR"
"TNN","ITGB6","TNN_ITGB6","LR"
"TNC","ITGB6","TNC_ITGB6","LR"
"TNXB","ITGB6","TNXB_ITGB6","LR"
"FN1","ITGB7","FN1_ITGB7","LR"
"COL1A1","ITGB8","COL1A1_ITGB8","LR"
"LAMA1","ITGB8","LAMA1_ITGB8","LR"
"FN1","ITGB8","FN1_ITGB8","LR"
"COL6A5","ITGB8","COL6A5_ITGB8","LR"
"LAMC1","ITGB8","LAMC1_ITGB8","LR"
"COL6A3","ITGB8","COL6A3_ITGB8","LR"
"COL4A1","ITGB8","COL4A1_ITGB8","LR"
"COL4A4","ITGB8","COL4A4_ITGB8","LR"
"COL6A2","ITGB8","COL6A2_ITGB8","LR"
"COL4A2","ITGB8","COL4A2_ITGB8","LR"
"COL2A1","ITGB8","COL2A1_ITGB8","LR"
"COL1A2","ITGB8","COL1A2_ITGB8","LR"
"LAMB3","ITGB8","LAMB3_ITGB8","LR"
"COL4A3","ITGB8","COL4A3_ITGB8","LR"
"COL6A1","ITGB8","COL6A1_ITGB8","LR"
"COL9A1","ITGB8","COL9A1_ITGB8","LR"
"LAMB1","ITGB8","LAMB1_ITGB8","LR"
"COL6A6","ITGB8","COL6A6_ITGB8","LR"
"COL9A2","ITGB8","COL9A2_ITGB8","LR"
"VTN","ITGB8","VTN_ITGB8","LR"
"COL4A5","ITGB8","COL4A5_ITGB8","LR"
"LAMB2","ITGB8","LAMB2_ITGB8","LR"
"LAMA5","ITGB8","LAMA5_ITGB8","LR"
"LAMB4","ITGB8","LAMB4_ITGB8","LR"
"LAMA4","ITGB8","LAMA4_ITGB8","LR"
"COL9A3","ITGB8","COL9A3_ITGB8","LR"
"LAMC2","ITGB8","LAMC2_ITGB8","LR"
"LAMA2","ITGB8","LAMA2_ITGB8","LR"
"LAMA3","ITGB8","LAMA3_ITGB8","LR"
"COL4A6","ITGB8","COL4A6_ITGB8","LR"
"LAMC3","ITGB8","LAMC3_ITGB8","LR"
"COL9A2","GP6","COL9A2_GP6","LR"
"COL6A5","GP6","COL6A5_GP6","LR"
"COL2A1","GP6","COL2A1_GP6","LR"
"COL6A6","GP6","COL6A6_GP6","LR"
"COL1A1","GP6","COL1A1_GP6","LR"
"COL4A3","GP6","COL4A3_GP6","LR"
"COL9A1","GP6","COL9A1_GP6","LR"
"COL9A3","GP6","COL9A3_GP6","LR"
"COL4A1","GP6","COL4A1_GP6","LR"
"COL4A6","GP6","COL4A6_GP6","LR"
"COL6A1","GP6","COL6A1_GP6","LR"
"COL4A2","GP6","COL4A2_GP6","LR"
"COL4A5","GP6","COL4A5_GP6","LR"
"COL1A2","GP6","COL1A2_GP6","LR"
"COL6A2","GP6","COL6A2_GP6","LR"
"COL4A4","GP6","COL4A4_GP6","LR"
"COL6A3","GP6","COL6A3_GP6","LR"
"COL9A2","SDC1","COL9A2_SDC1","LR"
"TNXB","SDC1","TNXB_SDC1","LR"
"COL4A5","SDC1","COL4A5_SDC1","LR"
"COL4A4","SDC1","COL4A4_SDC1","LR"
"COL6A3","SDC1","COL6A3_SDC1","LR"
"COL4A2","SDC1","COL4A2_SDC1","LR"
"TNR","SDC1","TNR_SDC1","LR"
"COMP","SDC1","COMP_SDC1","LR"
"COL2A1","SDC1","COL2A1_SDC1","LR"
"COL6A2","SDC1","COL6A2_SDC1","LR"
"COL1A1","SDC1","COL1A1_SDC1","LR"
"COL4A6","SDC1","COL4A6_SDC1","LR"
"COL6A1","SDC1","COL6A1_SDC1","LR"
"TNC","SDC1","TNC_SDC1","LR"
"COL6A6","SDC1","COL6A6_SDC1","LR"
"COL6A5","SDC1","COL6A5_SDC1","LR"
"COL1A2","SDC1","COL1A2_SDC1","LR"
"THBS1","SDC1","THBS1_SDC1","LR"
"COL9A1","SDC1","COL9A1_SDC1","LR"
"THBS4","SDC1","THBS4_SDC1","LR"
"TNN","SDC1","TNN_SDC1","LR"
"THBS2","SDC1","THBS2_SDC1","LR"
"FN1","SDC1","FN1_SDC1","LR"
"COL4A1","SDC1","COL4A1_SDC1","LR"
"COL4A3","SDC1","COL4A3_SDC1","LR"
"THBS3","SDC1","THBS3_SDC1","LR"
"COL9A3","SDC1","COL9A3_SDC1","LR"
"THBS2","SDC4","THBS2_SDC4","LR"
"COL4A5","SDC4","COL4A5_SDC4","LR"
"COL6A2","SDC4","COL6A2_SDC4","LR"
"COL6A3","SDC4","COL6A3_SDC4","LR"
"COL6A6","SDC4","COL6A6_SDC4","LR"
"COMP","SDC4","COMP_SDC4","LR"
"COL1A2","SDC4","COL1A2_SDC4","LR"
"COL2A1","SDC4","COL2A1_SDC4","LR"
"COL4A4","SDC4","COL4A4_SDC4","LR"
"COL9A2","SDC4","COL9A2_SDC4","LR"
"THBS4","SDC4","THBS4_SDC4","LR"
"THBS3","SDC4","THBS3_SDC4","LR"
"TNC","SDC4","TNC_SDC4","LR"
"COL6A5","SDC4","COL6A5_SDC4","LR"
"COL1A1","SDC4","COL1A1_SDC4","LR"
"TNR","SDC4","TNR_SDC4","LR"
"COL9A1","SDC4","COL9A1_SDC4","LR"
"TNN","SDC4","TNN_SDC4","LR"
"THBS1","SDC4","THBS1_SDC4","LR"
"FN1","SDC4","FN1_SDC4","LR"
"COL4A1","SDC4","COL4A1_SDC4","LR"
"TNXB","SDC4","TNXB_SDC4","LR"
"COL4A6","SDC4","COL4A6_SDC4","LR"
"COL6A1","SDC4","COL6A1_SDC4","LR"
"COL4A3","SDC4","COL4A3_SDC4","LR"
"COL9A3","SDC4","COL9A3_SDC4","LR"
"COL4A2","SDC4","COL4A2_SDC4","LR"
"COL1A1","ITGA10","COL1A1_ITGA10","LR"
"COL4A4","ITGA10","COL4A4_ITGA10","LR"
"COL4A1","ITGA10","COL4A1_ITGA10","LR"
"COL1A2","ITGA10","COL1A2_ITGA10","LR"
"COL4A6","ITGA10","COL4A6_ITGA10","LR"
"COL9A2","ITGA10","COL9A2_ITGA10","LR"
"COL9A3","ITGA10","COL9A3_ITGA10","LR"
"COL9A1","ITGA10","COL9A1_ITGA10","LR"
"COL6A1","ITGA10","COL6A1_ITGA10","LR"
"COL6A3","ITGA10","COL6A3_ITGA10","LR"
"COL4A2","ITGA10","COL4A2_ITGA10","LR"
"COL6A5","ITGA10","COL6A5_ITGA10","LR"
"COL2A1","ITGA10","COL2A1_ITGA10","LR"
"COL6A2","ITGA10","COL6A2_ITGA10","LR"
"COL4A3","ITGA10","COL4A3_ITGA10","LR"
"COL6A6","ITGA10","COL6A6_ITGA10","LR"
"COL4A5","ITGA10","COL4A5_ITGA10","LR"
"TNC","ITGA8","TNC_ITGA8","LR"
"VTN","ITGA8","VTN_ITGA8","LR"
"TNXB","ITGA8","TNXB_ITGA8","LR"
"NPNT","ITGA8","NPNT_ITGA8","LR"
"FREM1","ITGA8","FREM1_ITGA8","LR"
"FN1","ITGA8","FN1_ITGA8","LR"
"TNR","ITGA8","TNR_ITGA8","LR"
"TNN","ITGA8","TNN_ITGA8","LR"
"FREM2","ITGA8","FREM2_ITGA8","LR"
"FRAS1","ITGA8","FRAS1_ITGA8","LR"
"THBS3","CD36","THBS3_CD36","LR"
"COMP","CD36","COMP_CD36","LR"
"THBS1","CD36","THBS1_CD36","LR"
"THBS2","CD36","THBS2_CD36","LR"
"THBS4","CD36","THBS4_CD36","LR"
"LAMC3","CD44","LAMC3_CD44","LR"
"COL4A6","CD44","COL4A6_CD44","LR"
"LAMB3","CD44","LAMB3_CD44","LR"
"COL2A1","CD44","COL2A1_CD44","LR"
"LAMA1","CD44","LAMA1_CD44","LR"
"COL6A5","CD44","COL6A5_CD44","LR"
"LAMC2","CD44","LAMC2_CD44","LR"
"COL6A6","CD44","COL6A6_CD44","LR"
"LAMA3","CD44","LAMA3_CD44","LR"
"COL6A1","CD44","COL6A1_CD44","LR"
"LAMA4","CD44","LAMA4_CD44","LR"
"COL4A4","CD44","COL4A4_CD44","LR"
"LAMB1","CD44","LAMB1_CD44","LR"
"COL1A1","CD44","COL1A1_CD44","LR"
"FN1","CD44","FN1_CD44","LR"
"LAMB2","CD44","LAMB2_CD44","LR"
"COL4A1","CD44","COL4A1_CD44","LR"
"COL9A2","CD44","COL9A2_CD44","LR"
"LAMC1","CD44","LAMC1_CD44","LR"
"COL6A3","CD44","COL6A3_CD44","LR"
"LAMA2","CD44","LAMA2_CD44","LR"
"COL4A2","CD44","COL4A2_CD44","LR"
"COL6A2","CD44","COL6A2_CD44","LR"
"COL4A5","CD44","COL4A5_CD44","LR"
"LAMA5","CD44","LAMA5_CD44","LR"
"COL1A2","CD44","COL1A2_CD44","LR"
"LAMB4","CD44","LAMB4_CD44","LR"
"COL9A3","CD44","COL9A3_CD44","LR"
"COL9A1","CD44","COL9A1_CD44","LR"
"COL4A3","CD44","COL4A3_CD44","LR"
"THBS4","CD47","THBS4_CD47","LR"
"THBS2","CD47","THBS2_CD47","LR"
"THBS3","CD47","THBS3_CD47","LR"
"COMP","CD47","COMP_CD47","LR"
"THBS1","CD47","THBS1_CD47","LR"
"LAMC1","SV2B","LAMC1_SV2B","LR"
"LAMA1","SV2B","LAMA1_SV2B","LR"
"LAMA3","SV2B","LAMA3_SV2B","LR"
"LAMC2","SV2B","LAMC2_SV2B","LR"
"LAMC3","SV2B","LAMC3_SV2B","LR"
"LAMA2","SV2B","LAMA2_SV2B","LR"
"LAMB2","SV2B","LAMB2_SV2B","LR"
"LAMB3","SV2B","LAMB3_SV2B","LR"
"LAMA4","SV2B","LAMA4_SV2B","LR"
"LAMB1","SV2B","LAMB1_SV2B","LR"
"LAMB4","SV2B","LAMB4_SV2B","LR"
"LAMA5","SV2B","LAMA5_SV2B","LR"
"LAMB2","SV2A","LAMB2_SV2A","LR"
"LAMC1","SV2A","LAMC1_SV2A","LR"
"LAMA5","SV2A","LAMA5_SV2A","LR"
"LAMA3","SV2A","LAMA3_SV2A","LR"
"LAMB3","SV2A","LAMB3_SV2A","LR"
"LAMB4","SV2A","LAMB4_SV2A","LR"
"LAMC2","SV2A","LAMC2_SV2A","LR"
"LAMA1","SV2A","LAMA1_SV2A","LR"
"LAMA2","SV2A","LAMA2_SV2A","LR"
"LAMA4","SV2A","LAMA4_SV2A","LR"
"LAMC3","SV2A","LAMC3_SV2A","LR"
"LAMB1","SV2A","LAMB1_SV2A","LR"
"DAG1","LAMB3","DAG1_LAMB3","RL"
"DAG1","LAMB2","DAG1_LAMB2","RL"
"DAG1","LAMC3","DAG1_LAMC3","RL"
"DAG1","AGRN","DAG1_AGRN","RL"
"DAG1","LAMA1","DAG1_LAMA1","RL"
"DAG1","LAMA5","DAG1_LAMA5","RL"
"DAG1","HSPG2","DAG1_HSPG2","RL"
"DAG1","LAMC1","DAG1_LAMC1","RL"
"DAG1","LAMB4","DAG1_LAMB4","RL"
"DAG1","LAMA2","DAG1_LAMA2","RL"
"DAG1","LAMA3","DAG1_LAMA3","RL"
"DAG1","LAMA4","DAG1_LAMA4","RL"
"DAG1","LAMB1","DAG1_LAMB1","RL"
"DAG1","LAMC2","DAG1_LAMC2","RL"
"ITGA11","COL4A1","ITGA11_COL4A1","RL"
"ITGA11","COL6A5","ITGA11_COL6A5","RL"
"ITGA11","COL4A6","ITGA11_COL4A6","RL"
"ITGA11","COL6A1","ITGA11_COL6A1","RL"
"ITGA11","COL6A3","ITGA11_COL6A3","RL"
"ITGA11","COL1A1","ITGA11_COL1A1","RL"
"ITGA11","COL2A1","ITGA11_COL2A1","RL"
"ITGA11","COL4A2","ITGA11_COL4A2","RL"
"ITGA11","COL4A4","ITGA11_COL4A4","RL"
"ITGA11","COL4A5","ITGA11_COL4A5","RL"
"ITGA11","COL6A2","ITGA11_COL6A2","RL"
"ITGA11","COL9A1","ITGA11_COL9A1","RL"
"ITGA11","COL9A3","ITGA11_COL9A3","RL"
"ITGA11","COL1A2","ITGA11_COL1A2","RL"
"ITGA11","COL4A3","ITGA11_COL4A3","RL"
"ITGA11","COL9A2","ITGA11_COL9A2","RL"
"ITGA11","COL6A6","ITGA11_COL6A6","RL"
"SV2C","LAMA4","SV2C_LAMA4","RL"
"SV2C","LAMB3","SV2C_LAMB3","RL"
"SV2C","LAMA3","SV2C_LAMA3","RL"
"SV2C","LAMB4","SV2C_LAMB4","RL"
"SV2C","LAMA2","SV2C_LAMA2","RL"
"SV2C","LAMB2","SV2C_LAMB2","RL"
"SV2C","LAMC1","SV2C_LAMC1","RL"
"SV2C","LAMC3","SV2C_LAMC3","RL"
"SV2C","LAMC2","SV2C_LAMC2","RL"
"SV2C","LAMA5","SV2C_LAMA5","RL"
"SV2C","LAMB1","SV2C_LAMB1","RL"
"SV2C","LAMA1","SV2C_LAMA1","RL"
"GP1BA","VWF","GP1BA_VWF","RL"
"GP1BB","VWF","GP1BB_VWF","RL"
"GP5","VWF","GP5_VWF","RL"
"GP9","VWF","GP9_VWF","RL"
"ITGA6","LAMC1","ITGA6_LAMC1","RL"
"ITGA6","LAMA2","ITGA6_LAMA2","RL"
"ITGA6","LAMC2","ITGA6_LAMC2","RL"
"ITGA6","LAMA5","ITGA6_LAMA5","RL"
"ITGA6","LAMB3","ITGA6_LAMB3","RL"
"ITGA6","LAMB2","ITGA6_LAMB2","RL"
"ITGA6","LAMB4","ITGA6_LAMB4","RL"
"ITGA6","LAMB1","ITGA6_LAMB1","RL"
"ITGA6","LAMA1","ITGA6_LAMA1","RL"
"ITGA6","LAMC3","ITGA6_LAMC3","RL"
"ITGA6","LAMA3","ITGA6_LAMA3","RL"
"ITGA6","LAMA4","ITGA6_LAMA4","RL"
"ITGA1","COL6A6","ITGA1_COL6A6","RL"
"ITGA1","LAMC1","ITGA1_LAMC1","RL"
"ITGA1","COL6A5","ITGA1_COL6A5","RL"
"ITGA1","COL1A1","ITGA1_COL1A1","RL"
"ITGA1","LAMA2","ITGA1_LAMA2","RL"
"ITGA1","LAMA1","ITGA1_LAMA1","RL"
"ITGA1","COL4A2","ITGA1_COL4A2","RL"
"ITGA1","LAMA3","ITGA1_LAMA3","RL"
"ITGA1","COL2A1","ITGA1_COL2A1","RL"
"ITGA1","COL4A3","ITGA1_COL4A3","RL"
"ITGA1","LAMB3","ITGA1_LAMB3","RL"
"ITGA1","COL1A2","ITGA1_COL1A2","RL"
"ITGA1","LAMC2","ITGA1_LAMC2","RL"
"ITGA1","LAMB1","ITGA1_LAMB1","RL"
"ITGA1","COL4A1","ITGA1_COL4A1","RL"
"ITGA1","COL4A4","ITGA1_COL4A4","RL"
"ITGA1","LAMA4","ITGA1_LAMA4","RL"
"ITGA1","COL6A1","ITGA1_COL6A1","RL"
"ITGA1","COL6A2","ITGA1_COL6A2","RL"
"ITGA1","LAMB4","ITGA1_LAMB4","RL"
"ITGA1","COL4A5","ITGA1_COL4A5","RL"
"ITGA1","LAMC3","ITGA1_LAMC3","RL"
"ITGA1","COL4A6","ITGA1_COL4A6","RL"
"ITGA1","COL6A3","ITGA1_COL6A3","RL"
"ITGA1","LAMA5","ITGA1_LAMA5","RL"
"ITGA1","COL9A1","ITGA1_COL9A1","RL"
"ITGA1","LAMB2","ITGA1_LAMB2","RL"
"ITGA1","COL9A2","ITGA1_COL9A2","RL"
"ITGA1","COL9A3","ITGA1_COL9A3","RL"
"ITGA2","COL6A6","ITGA2_COL6A6","RL"
"ITGA2","COL4A2","ITGA2_COL4A2","RL"
"ITGA2","COL6A5","ITGA2_COL6A5","RL"
"ITGA2","LAMC2","ITGA2_LAMC2","RL"
"ITGA2","LAMA3","ITGA2_LAMA3","RL"
"ITGA2","COL1A2","ITGA2_COL1A2","RL"
"ITGA2","LAMA2","ITGA2_LAMA2","RL"
"ITGA2","COL4A1","ITGA2_COL4A1","RL"
"ITGA2","COL4A3","ITGA2_COL4A3","RL"
"ITGA2","LAMC1","ITGA2_LAMC1","RL"
"ITGA2","CHAD","ITGA2_CHAD","RL"
"ITGA2","LAMA1","ITGA2_LAMA1","RL"
"ITGA2","COL1A1","ITGA2_COL1A1","RL"
"ITGA2","LAMB3","ITGA2_LAMB3","RL"
"ITGA2","COL4A5","ITGA2_COL4A5","RL"
"ITGA2","LAMA4","ITGA2_LAMA4","RL"
"ITGA2","COL4A6","ITGA2_COL4A6","RL"
"ITGA2","LAMB2","ITGA2_LAMB2","RL"
"ITGA2","COL2A1","ITGA2_COL2A1","RL"
"ITGA2","COL6A3","ITGA2_COL6A3","RL"
"ITGA2","COL6A1","ITGA2_COL6A1","RL"
"ITGA2","LAMA5","ITGA2_LAMA5","RL"
"ITGA2","COL4A4","ITGA2_COL4A4","RL"
"ITGA2","LAMB4","ITGA2_LAMB4","RL"
"ITGA2","LAMB1","ITGA2_LAMB1","RL"
"ITGA2","COL9A3","ITGA2_COL9A3","RL"
"ITGA2","COL9A1","ITGA2_COL9A1","RL"
"ITGA2","COL9A2","ITGA2_COL9A2","RL"
"ITGA2","LAMC3","ITGA2_LAMC3","RL"
"ITGA2","COL6A2","ITGA2_COL6A2","RL"
"ITGA2B","VWF","ITGA2B_VWF","RL"
"ITGA2B","THBS2","ITGA2B_THBS2","RL"
"ITGA2B","THBS3","ITGA2B_THBS3","RL"
"ITGA2B","THBS1","ITGA2B_THBS1","RL"
"ITGA2B","THBS4","ITGA2B_THBS4","RL"
"ITGA2B","VTN","ITGA2B_VTN","RL"
"ITGA2B","COMP","ITGA2B_COMP","RL"
"ITGA2B","FN1","ITGA2B_FN1","RL"
"ITGA3","COL1A2","ITGA3_COL1A2","RL"
"ITGA3","COL6A6","ITGA3_COL6A6","RL"
"ITGA3","LAMA2","ITGA3_LAMA2","RL"
"ITGA3","LAMC2","ITGA3_LAMC2","RL"
"ITGA3","LAMC1","ITGA3_LAMC1","RL"
"ITGA3","COL4A2","ITGA3_COL4A2","RL"
"ITGA3","THBS2","ITGA3_THBS2","RL"
"ITGA3","COMP","ITGA3_COMP","RL"
"ITGA3","COL6A5","ITGA3_COL6A5","RL"
"ITGA3","COL4A3","ITGA3_COL4A3","RL"
"ITGA3","COL4A1","ITGA3_COL4A1","RL"
"ITGA3","THBS3","ITGA3_THBS3","RL"
"ITGA3","COL4A5","ITGA3_COL4A5","RL"
"ITGA3","LAMB3","ITGA3_LAMB3","RL"
"ITGA3","LAMB2","ITGA3_LAMB2","RL"
"ITGA3","COL2A1","ITGA3_COL2A1","RL"
"ITGA3","COL6A1","ITGA3_COL6A1","RL"
"ITGA3","LAMA4","ITGA3_LAMA4","RL"
"ITGA3","COL1A1","ITGA3_COL1A1","RL"
"ITGA3","LAMA1","ITGA3_LAMA1","RL"
"ITGA3","COL4A6","ITGA3_COL4A6","RL"
"ITGA3","COL6A3","ITGA3_COL6A3","RL"
"ITGA3","THBS4","ITGA3_THBS4","RL"
"ITGA3","RELN","ITGA3_RELN","RL"
"ITGA3","LAMA3","ITGA3_LAMA3","RL"
"ITGA3","THBS1","ITGA3_THBS1","RL"
"ITGA3","LAMC3","ITGA3_LAMC3","RL"
"ITGA3","LAMB1","ITGA3_LAMB1","RL"
"ITGA3","COL4A4","ITGA3_COL4A4","RL"
"ITGA3","LAMB4","ITGA3_LAMB4","RL"
"ITGA3","LAMA5","ITGA3_LAMA5","RL"
"ITGA3","COL9A2","ITGA3_COL9A2","RL"
"ITGA3","COL6A2","ITGA3_COL6A2","RL"
"ITGA3","COL9A1","ITGA3_COL9A1","RL"
"ITGA3","FN1","ITGA3_FN1","RL"
"ITGA3","COL9A3","ITGA3_COL9A3","RL"
"ITGA4","SPP1","ITGA4_SPP1","RL"
"ITGA4","FN1","ITGA4_FN1","RL"
"ITGA5","FN1","ITGA5_FN1","RL"
"ITGA7","LAMC1","ITGA7_LAMC1","RL"
"ITGA7","LAMA1","ITGA7_LAMA1","RL"
"ITGA7","LAMB2","ITGA7_LAMB2","RL"
"ITGA7","LAMB1","ITGA7_LAMB1","RL"
"ITGA7","LAMC2","ITGA7_LAMC2","RL"
"ITGA7","LAMA5","ITGA7_LAMA5","RL"
"ITGA7","LAMB4","ITGA7_LAMB4","RL"
"ITGA7","LAMB3","ITGA7_LAMB3","RL"
"ITGA7","LAMC3","ITGA7_LAMC3","RL"
"ITGA7","LAMA2","ITGA7_LAMA2","RL"
"ITGA7","LAMA4","ITGA7_LAMA4","RL"
"ITGA7","LAMA3","ITGA7_LAMA3","RL"
"ITGA9","LAMB2","ITGA9_LAMB2","RL"
"ITGA9","TNC","ITGA9_TNC","RL"
"ITGA9","COL2A1","ITGA9_COL2A1","RL"
"ITGA9","LAMB3","ITGA9_LAMB3","RL"
"ITGA9","COL6A5","ITGA9_COL6A5","RL"
"ITGA9","COL4A2","ITGA9_COL4A2","RL"
"ITGA9","COL4A6","ITGA9_COL4A6","RL"
"ITGA9","COL6A3","ITGA9_COL6A3","RL"
"ITGA9","COL1A2","ITGA9_COL1A2","RL"
"ITGA9","LAMB4","ITGA9_LAMB4","RL"
"ITGA9","COL4A1","ITGA9_COL4A1","RL"
"ITGA9","LAMA3","ITGA9_LAMA3","RL"
"ITGA9","LAMC1","ITGA9_LAMC1","RL"
"ITGA9","LAMC3","ITGA9_LAMC3","RL"
"ITGA9","LAMC2","ITGA9_LAMC2","RL"
"ITGA9","COL4A4","ITGA9_COL4A4","RL"
"ITGA9","COL1A1","ITGA9_COL1A1","RL"
"ITGA9","LAMA1","ITGA9_LAMA1","RL"
"ITGA9","TNR","ITGA9_TNR","RL"
"ITGA9","LAMA5","ITGA9_LAMA5","RL"
"ITGA9","COL6A6","ITGA9_COL6A6","RL"
"ITGA9","COL4A3","ITGA9_COL4A3","RL"
"ITGA9","TNN","ITGA9_TNN","RL"
"ITGA9","LAMA2","ITGA9_LAMA2","RL"
"ITGA9","COL6A2","ITGA9_COL6A2","RL"
"ITGA9","LAMB1","ITGA9_LAMB1","RL"
"ITGA9","COL6A1","ITGA9_COL6A1","RL"
"ITGA9","SPP1","ITGA9_SPP1","RL"
"ITGA9","COL4A5","ITGA9_COL4A5","RL"
"ITGA9","LAMA4","ITGA9_LAMA4","RL"
"ITGA9","TNXB","ITGA9_TNXB","RL"
"ITGA9","COL9A3","ITGA9_COL9A3","RL"
"ITGA9","COL9A2","ITGA9_COL9A2","RL"
"ITGA9","COL9A1","ITGA9_COL9A1","RL"
"ITGAV","IBSP","ITGAV_IBSP","RL"
"ITGAV","LAMB3","ITGAV_LAMB3","RL"
"ITGAV","LAMA1","ITGAV_LAMA1","RL"
"ITGAV","COMP","ITGAV_COMP","RL"
"ITGAV","COL1A2","ITGAV_COL1A2","RL"
"ITGAV","COL6A2","ITGAV_COL6A2","RL"
"ITGAV","COL1A1","ITGAV_COL1A1","RL"
"ITGAV","LAMC1","ITGAV_LAMC1","RL"
"ITGAV","COL2A1","ITGAV_COL2A1","RL"
"ITGAV","COL4A1","ITGAV_COL4A1","RL"
"ITGAV","TNR","ITGAV_TNR","RL"
"ITGAV","LAMB1","ITGAV_LAMB1","RL"
"ITGAV","COL4A2","ITGAV_COL4A2","RL"
"ITGAV","THBS2","ITGAV_THBS2","RL"
"ITGAV","COL4A6","ITGAV_COL4A6","RL"
"ITGAV","COL4A3","ITGAV_COL4A3","RL"
"ITGAV","COL6A6","ITGAV_COL6A6","RL"
"ITGAV","SPP1","ITGAV_SPP1","RL"
"ITGAV","TNN","ITGAV_TNN","RL"
"ITGAV","COL9A3","ITGAV_COL9A3","RL"
"ITGAV","LAMC3","ITGAV_LAMC3","RL"
"ITGAV","TNC","ITGAV_TNC","RL"
"ITGAV","COL6A3","ITGAV_COL6A3","RL"
"ITGAV","DSPP","ITGAV_DSPP","RL"
"ITGAV","COL4A4","ITGAV_COL4A4","RL"
"ITGAV","COL4A5","ITGAV_COL4A5","RL"
"ITGAV","VTN","ITGAV_VTN","RL"
"ITGAV","LAMA3","ITGAV_LAMA3","RL"
"ITGAV","THBS4","ITGAV_THBS4","RL"
"ITGAV","THBS1","ITGAV_THBS1","RL"
"ITGAV","TNXB","ITGAV_TNXB","RL"
"ITGAV","LAMB2","ITGAV_LAMB2","RL"
"ITGAV","FN1","ITGAV_FN1","RL"
"ITGAV","MEPE","ITGAV_MEPE","RL"
"ITGAV","LAMB4","ITGAV_LAMB4","RL"
"ITGAV","VWF","ITGAV_VWF","RL"
"ITGAV","COL9A1","ITGAV_COL9A1","RL"
"ITGAV","COL9A2","ITGAV_COL9A2","RL"
"ITGAV","LAMC2","ITGAV_LAMC2","RL"
"ITGAV","COL6A1","ITGAV_COL6A1","RL"
"ITGAV","THBS3","ITGAV_THBS3","RL"
"ITGAV","LAMA2","ITGAV_LAMA2","RL"
"ITGAV","DMP1","ITGAV_DMP1","RL"
"ITGAV","COL6A5","ITGAV_COL6A5","RL"
"ITGAV","LAMA4","ITGAV_LAMA4","RL"
"ITGAV","LAMA5","ITGAV_LAMA5","RL"
"ITGB1","TNC","ITGB1_TNC","RL"
"ITGB1","COL1A1","ITGB1_COL1A1","RL"
"ITGB1","COL2A1","ITGB1_COL2A1","RL"
"ITGB1","FRAS1","ITGB1_FRAS1","RL"
"ITGB1","LAMA2","ITGB1_LAMA2","RL"
"ITGB1","TNR","ITGB1_TNR","RL"
"ITGB1","THBS3","ITGB1_THBS3","RL"
"ITGB1","LAMA1","ITGB1_LAMA1","RL"
"ITGB1","VTN","ITGB1_VTN","RL"
"ITGB1","LAMA4","ITGB1_LAMA4","RL"
"ITGB1","COL6A5","ITGB1_COL6A5","RL"
"ITGB1","COL6A2","ITGB1_COL6A2","RL"
"ITGB1","RELN","ITGB1_RELN","RL"
"ITGB1","COL4A1","ITGB1_COL4A1","RL"
"ITGB1","DSPP","ITGB1_DSPP","RL"
"ITGB1","COL4A2","ITGB1_COL4A2","RL"
"ITGB1","LAMC1","ITGB1_LAMC1","RL"
"ITGB1","LAMA3","ITGB1_LAMA3","RL"
"ITGB1","FN1","ITGB1_FN1","RL"
"ITGB1","COL4A4","ITGB1_COL4A4","RL"
"ITGB1","COL4A3","ITGB1_COL4A3","RL"
"ITGB1","LAMB3","ITGB1_LAMB3","RL"
"ITGB1","COL1A2","ITGB1_COL1A2","RL"
"ITGB1","SPP1","ITGB1_SPP1","RL"
"ITGB1","TNN","ITGB1_TNN","RL"
"ITGB1","LAMC2","ITGB1_LAMC2","RL"
"ITGB1","COL6A6","ITGB1_COL6A6","RL"
"ITGB1","LAMB2","ITGB1_LAMB2","RL"
"ITGB1","COL6A1","ITGB1_COL6A1","RL"
"ITGB1","CHAD","ITGB1_CHAD","RL"
"ITGB1","THBS1","ITGB1_THBS1","RL"
"ITGB1","COMP","ITGB1_COMP","RL"
"ITGB1","FREM1","ITGB1_FREM1","RL"
"ITGB1","COL4A5","ITGB1_COL4A5","RL"
"ITGB1","COL6A3","ITGB1_COL6A3","RL"
"ITGB1","TNXB","ITGB1_TNXB","RL"
"ITGB1","LAMC3","ITGB1_LAMC3","RL"
"ITGB1","FREM2","ITGB1_FREM2","RL"
"ITGB1","THBS2","ITGB1_THBS2","RL"
"ITGB1","THBS4","ITGB1_THBS4","RL"
"ITGB1","LAMA5","ITGB1_LAMA5","RL"
"ITGB1","LAMB1","ITGB1_LAMB1","RL"
"ITGB1","COL4A6","ITGB1_COL4A6","RL"
"ITGB1","COL9A1","ITGB1_COL9A1","RL"
"ITGB1","COL9A2","ITGB1_COL9A2","RL"
"ITGB1","COL9A3","ITGB1_COL9A3","RL"
"ITGB1","LAMB4","ITGB1_LAMB4","RL"
"ITGB1","NPNT","ITGB1_NPNT","RL"
"ITGB3","TNR","ITGB3_TNR","RL"
"ITGB3","MEPE","ITGB3_MEPE","RL"
"ITGB3","THBS3","ITGB3_THBS3","RL"
"ITGB3","IBSP","ITGB3_IBSP","RL"
"ITGB3","TNC","ITGB3_TNC","RL"
"ITGB3","VWF","ITGB3_VWF","RL"
"ITGB3","SPP1","ITGB3_SPP1","RL"
"ITGB3","THBS1","ITGB3_THBS1","RL"
"ITGB3","THBS2","ITGB3_THBS2","RL"
"ITGB3","VTN","ITGB3_VTN","RL"
"ITGB3","THBS4","ITGB3_THBS4","RL"
"ITGB3","DMP1","ITGB3_DMP1","RL"
"ITGB3","TNXB","ITGB3_TNXB","RL"
"ITGB3","COMP","ITGB3_COMP","RL"
"ITGB3","TNN","ITGB3_TNN","RL"
"ITGB3","FN1","ITGB3_FN1","RL"
"ITGB4","LAMC3","ITGB4_LAMC3","RL"
"ITGB4","LAMB2","ITGB4_LAMB2","RL"
"ITGB4","LAMC1","ITGB4_LAMC1","RL"
"ITGB4","LAMA2","ITGB4_LAMA2","RL"
"ITGB4","LAMB4","ITGB4_LAMB4","RL"
"ITGB4","LAMA4","ITGB4_LAMA4","RL"
"ITGB4","LAMB3","ITGB4_LAMB3","RL"
"ITGB4","LAMB1","ITGB4_LAMB1","RL"
"ITGB4","LAMA1","ITGB4_LAMA1","RL"
"ITGB4","LAMC2","ITGB4_LAMC2","RL"
"ITGB4","LAMA3","ITGB4_LAMA3","RL"
"ITGB4","LAMA5","ITGB4_LAMA5","RL"
"ITGB5","IBSP","ITGB5_IBSP","RL"
"ITGB5","SPP1","ITGB5_SPP1","RL"
"ITGB5","VTN","ITGB5_VTN","RL"
"ITGB6","DSPP","ITGB6_DSPP","RL"
"ITGB6","TNR","ITGB6_TNR","RL"
"ITGB6","FN1","ITGB6_FN1","RL"
"ITGB6","TNN","ITGB6_TNN","RL"
"ITGB6","TNC","ITGB6_TNC","RL"
"ITGB6","TNXB","ITGB6_TNXB","RL"
"ITGB7","FN1","ITGB7_FN1","RL"
"ITGB8","COL1A1","ITGB8_COL1A1","RL"
"ITGB8","LAMA1","ITGB8_LAMA1","RL"
"ITGB8","FN1","ITGB8_FN1","RL"
"ITGB8","COL6A5","ITGB8_COL6A5","RL"
"ITGB8","LAMC1","ITGB8_LAMC1","RL"
"ITGB8","COL6A3","ITGB8_COL6A3","RL"
"ITGB8","COL4A1","ITGB8_COL4A1","RL"
"ITGB8","COL4A4","ITGB8_COL4A4","RL"
"ITGB8","COL6A2","ITGB8_COL6A2","RL"
"ITGB8","COL4A2","ITGB8_COL4A2","RL"
"ITGB8","COL2A1","ITGB8_COL2A1","RL"
"ITGB8","COL1A2","ITGB8_COL1A2","RL"
"ITGB8","LAMB3","ITGB8_LAMB3","RL"
"ITGB8","COL4A3","ITGB8_COL4A3","RL"
"ITGB8","COL6A1","ITGB8_COL6A1","RL"
"ITGB8","COL9A1","ITGB8_COL9A1","RL"
"ITGB8","LAMB1","ITGB8_LAMB1","RL"
"ITGB8","COL6A6","ITGB8_COL6A6","RL"
"ITGB8","COL9A2","ITGB8_COL9A2","RL"
"ITGB8","VTN","ITGB8_VTN","RL"
"ITGB8","COL4A5","ITGB8_COL4A5","RL"
"ITGB8","LAMB2","ITGB8_LAMB2","RL"
"ITGB8","LAMA5","ITGB8_LAMA5","RL"
"ITGB8","LAMB4","ITGB8_LAMB4","RL"
"ITGB8","LAMA4","ITGB8_LAMA4","RL"
"ITGB8","COL9A3","ITGB8_COL9A3","RL"
"ITGB8","LAMC2","ITGB8_LAMC2","RL"
"ITGB8","LAMA2","ITGB8_LAMA2","RL"
"ITGB8","LAMA3","ITGB8_LAMA3","RL"
"ITGB8","COL4A6","ITGB8_COL4A6","RL"
"ITGB8","LAMC3","ITGB8_LAMC3","RL"
"GP6","COL9A2","GP6_COL9A2","RL"
"GP6","COL6A5","GP6_COL6A5","RL"
"GP6","COL2A1","GP6_COL2A1","RL"
"GP6","COL6A6","GP6_COL6A6","RL"
"GP6","COL1A1","GP6_COL1A1","RL"
"GP6","COL4A3","GP6_COL4A3","RL"
"GP6","COL9A1","GP6_COL9A1","RL"
"GP6","COL9A3","GP6_COL9A3","RL"
"GP6","COL4A1","GP6_COL4A1","RL"
"GP6","COL4A6","GP6_COL4A6","RL"
"GP6","COL6A1","GP6_COL6A1","RL"
"GP6","COL4A2","GP6_COL4A2","RL"
"GP6","COL4A5","GP6_COL4A5","RL"
"GP6","COL1A2","GP6_COL1A2","RL"
"GP6","COL6A2","GP6_COL6A2","RL"
"GP6","COL4A4","GP6_COL4A4","RL"
"GP6","COL6A3","GP6_COL6A3","RL"
"SDC1","COL9A2","SDC1_COL9A2","RL"
"SDC1","TNXB","SDC1_TNXB","RL"
"SDC1","COL4A5","SDC1_COL4A5","RL"
"SDC1","COL4A4","SDC1_COL4A4","RL"
"SDC1","COL6A3","SDC1_COL6A3","RL"
"SDC1","COL4A2","SDC1_COL4A2","RL"
"SDC1","TNR","SDC1_TNR","RL"
"SDC1","COMP","SDC1_COMP","RL"
"SDC1","COL2A1","SDC1_COL2A1","RL"
"SDC1","COL6A2","SDC1_COL6A2","RL"
"SDC1","COL1A1","SDC1_COL1A1","RL"
"SDC1","COL4A6","SDC1_COL4A6","RL"
"SDC1","COL6A1","SDC1_COL6A1","RL"
"SDC1","TNC","SDC1_TNC","RL"
"SDC1","COL6A6","SDC1_COL6A6","RL"
"SDC1","COL6A5","SDC1_COL6A5","RL"
"SDC1","COL1A2","SDC1_COL1A2","RL"
"SDC1","THBS1","SDC1_THBS1","RL"
"SDC1","COL9A1","SDC1_COL9A1","RL"
"SDC1","THBS4","SDC1_THBS4","RL"
"SDC1","TNN","SDC1_TNN","RL"
"SDC1","THBS2","SDC1_THBS2","RL"
"SDC1","FN1","SDC1_FN1","RL"
"SDC1","COL4A1","SDC1_COL4A1","RL"
"SDC1","COL4A3","SDC1_COL4A3","RL"
"SDC1","THBS3","SDC1_THBS3","RL"
"SDC1","COL9A3","SDC1_COL9A3","RL"
"SDC4","THBS2","SDC4_THBS2","RL"
"SDC4","COL4A5","SDC4_COL4A5","RL"
"SDC4","COL6A2","SDC4_COL6A2","RL"
"SDC4","COL6A3","SDC4_COL6A3","RL"
"SDC4","COL6A6","SDC4_COL6A6","RL"
"SDC4","COMP","SDC4_COMP","RL"
"SDC4","COL1A2","SDC4_COL1A2","RL"
"SDC4","COL2A1","SDC4_COL2A1","RL"
"SDC4","COL4A4","SDC4_COL4A4","RL"
"SDC4","COL9A2","SDC4_COL9A2","RL"
"SDC4","THBS4","SDC4_THBS4","RL"
"SDC4","THBS3","SDC4_THBS3","RL"
"SDC4","TNC","SDC4_TNC","RL"
"SDC4","COL6A5","SDC4_COL6A5","RL"
"SDC4","COL1A1","SDC4_COL1A1","RL"
"SDC4","TNR","SDC4_TNR","RL"
"SDC4","COL9A1","SDC4_COL9A1","RL"
"SDC4","TNN","SDC4_TNN","RL"
"SDC4","THBS1","SDC4_THBS1","RL"
"SDC4","FN1","SDC4_FN1","RL"
"SDC4","COL4A1","SDC4_COL4A1","RL"
"SDC4","TNXB","SDC4_TNXB","RL"
"SDC4","COL4A6","SDC4_COL4A6","RL"
"SDC4","COL6A1","SDC4_COL6A1","RL"
"SDC4","COL4A3","SDC4_COL4A3","RL"
"SDC4","COL9A3","SDC4_COL9A3","RL"
"SDC4","COL4A2","SDC4_COL4A2","RL"
"ITGA10","COL1A1","ITGA10_COL1A1","RL"
"ITGA10","COL4A4","ITGA10_COL4A4","RL"
"ITGA10","COL4A1","ITGA10_COL4A1","RL"
"ITGA10","COL1A2","ITGA10_COL1A2","RL"
"ITGA10","COL4A6","ITGA10_COL4A6","RL"
"ITGA10","COL9A2","ITGA10_COL9A2","RL"
"ITGA10","COL9A3","ITGA10_COL9A3","RL"
"ITGA10","COL9A1","ITGA10_COL9A1","RL"
"ITGA10","COL6A1","ITGA10_COL6A1","RL"
"ITGA10","COL6A3","ITGA10_COL6A3","RL"
"ITGA10","COL4A2","ITGA10_COL4A2","RL"
"ITGA10","COL6A5","ITGA10_COL6A5","RL"
"ITGA10","COL2A1","ITGA10_COL2A1","RL"
"ITGA10","COL6A2","ITGA10_COL6A2","RL"
"ITGA10","COL4A3","ITGA10_COL4A3","RL"
"ITGA10","COL6A6","ITGA10_COL6A6","RL"
"ITGA10","COL4A5","ITGA10_COL4A5","RL"
"ITGA8","TNC","ITGA8_TNC","RL"
"ITGA8","VTN","ITGA8_VTN","RL"
"ITGA8","TNXB","ITGA8_TNXB","RL"
"ITGA8","NPNT","ITGA8_NPNT","RL"
"ITGA8","FREM1","ITGA8_FREM1","RL"
"ITGA8","FN1","ITGA8_FN1","RL"
"ITGA8","TNR","ITGA8_TNR","RL"
"ITGA8","TNN","ITGA8_TNN","RL"
"ITGA8","FREM2","ITGA8_FREM2","RL"
"ITGA8","FRAS1","ITGA8_FRAS1","RL"
"CD36","THBS3","CD36_THBS3","RL"
"CD36","COMP","CD36_COMP","RL"
"CD36","THBS1","CD36_THBS1","RL"
"CD36","THBS2","CD36_THBS2","RL"
"CD36","THBS4","CD36_THBS4","RL"
"CD44","LAMC3","CD44_LAMC3","RL"
"CD44","COL4A6","CD44_COL4A6","RL"
"CD44","LAMB3","CD44_LAMB3","RL"
"CD44","COL2A1","CD44_COL2A1","RL"
"CD44","LAMA1","CD44_LAMA1","RL"
"CD44","COL6A5","CD44_COL6A5","RL"
"CD44","LAMC2","CD44_LAMC2","RL"
"CD44","COL6A6","CD44_COL6A6","RL"
"CD44","LAMA3","CD44_LAMA3","RL"
"CD44","COL6A1","CD44_COL6A1","RL"
"CD44","LAMA4","CD44_LAMA4","RL"
"CD44","COL4A4","CD44_COL4A4","RL"
"CD44","LAMB1","CD44_LAMB1","RL"
"CD44","COL1A1","CD44_COL1A1","RL"
"CD44","FN1","CD44_FN1","RL"
"CD44","LAMB2","CD44_LAMB2","RL"
"CD44","COL4A1","CD44_COL4A1","RL"
"CD44","COL9A2","CD44_COL9A2","RL"
"CD44","LAMC1","CD44_LAMC1","RL"
"CD44","COL6A3","CD44_COL6A3","RL"
"CD44","LAMA2","CD44_LAMA2","RL"
"CD44","COL4A2","CD44_COL4A2","RL"
"CD44","COL6A2","CD44_COL6A2","RL"
"CD44","COL4A5","CD44_COL4A5","RL"
"CD44","LAMA5","CD44_LAMA5","RL"
"CD44","COL1A2","CD44_COL1A2","RL"
"CD44","LAMB4","CD44_LAMB4","RL"
"CD44","COL9A3","CD44_COL9A3","RL"
"CD44","COL9A1","CD44_COL9A1","RL"
"CD44","COL4A3","CD44_COL4A3","RL"
"CD47","THBS4","CD47_THBS4","RL"
"CD47","THBS2","CD47_THBS2","RL"
"CD47","THBS3","CD47_THBS3","RL"
"CD47","COMP","CD47_COMP","RL"
"CD47","THBS1","CD47_THBS1","RL"
"SV2B","LAMC1","SV2B_LAMC1","RL"
"SV2B","LAMA1","SV2B_LAMA1","RL"
"SV2B","LAMA3","SV2B_LAMA3","RL"
"SV2B","LAMC2","SV2B_LAMC2","RL"
"SV2B","LAMC3","SV2B_LAMC3","RL"
"SV2B","LAMA2","SV2B_LAMA2","RL"
"SV2B","LAMB2","SV2B_LAMB2","RL"
"SV2B","LAMB3","SV2B_LAMB3","RL"
"SV2B","LAMA4","SV2B_LAMA4","RL"
"SV2B","LAMB1","SV2B_LAMB1","RL"
"SV2B","LAMB4","SV2B_LAMB4","RL"
"SV2B","LAMA5","SV2B_LAMA5","RL"
"SV2A","LAMB2","SV2A_LAMB2","RL"
"SV2A","LAMC1","SV2A_LAMC1","RL"
"SV2A","LAMA5","SV2A_LAMA5","RL"
"SV2A","LAMA3","SV2A_LAMA3","RL"
"SV2A","LAMB3","SV2A_LAMB3","RL"
"SV2A","LAMB4","SV2A_LAMB4","RL"
"SV2A","LAMC2","SV2A_LAMC2","RL"
"SV2A","LAMA1","SV2A_LAMA1","RL"
"SV2A","LAMA2","SV2A_LAMA2","RL"
"SV2A","LAMA4","SV2A_LAMA4","RL"
"SV2A","LAMC3","SV2A_LAMC3","RL"
"SV2A","LAMB1","SV2A_LAMB1","RL"
